{"rz_settings_general":"{\"some\":\"Helloooogjghj\"}","rz_settings_listings":"{\"some_listing\":\"eretgdrfs gdfg dfg \"}","rz_other":"","rz_custom_taxonomies":"[{\"template\":{\"id\":\"text\",\"name\":\"Taxonomy\",\"heading\":\"name\",\"heading_text\":\"Property type\"},\"fields\":{\"name\":\"Property type\",\"slug\":\"property-type\"}},{\"template\":{\"id\":\"text\",\"name\":\"Taxonomy\",\"heading\":\"name\",\"heading_text\":\"Amenities\"},\"fields\":{\"name\":\"Amenities\",\"slug\":\"amenities\"}},{\"template\":{\"id\":\"text\",\"name\":\"Taxonomy\",\"heading\":\"name\",\"heading_text\":\"House rules\"},\"fields\":{\"name\":\"House rules\",\"slug\":\"house-rules\"}},{\"template\":{\"id\":\"text\",\"name\":\"Taxonomy\",\"heading\":\"name\",\"heading_text\":\"Food type\"},\"fields\":{\"name\":\"Food type\",\"slug\":\"food-type\"}},{\"template\":{\"id\":\"text\",\"name\":\"Taxonomy\",\"heading\":\"name\",\"heading_text\":\"Great for\"},\"fields\":{\"name\":\"Great for\",\"slug\":\"great-for\"}},{\"template\":{\"id\":\"text\",\"name\":\"Taxonomy\",\"heading\":\"name\",\"heading_text\":\"Experience tags\"},\"fields\":{\"name\":\"Experience tags\",\"slug\":\"experience-tags\"}},{\"template\":{\"id\":\"text\",\"name\":\"Taxonomy\",\"heading\":\"name\",\"heading_text\":\"Group size\"},\"fields\":{\"name\":\"Group size\",\"slug\":\"group-size\"}}]","rz_search_input_fields_test":"sdfs d fdsf","rz_test":"Some test here ....... 1","rz_search_input_fields":"{\"rz_search_input_autocomplete\":\"1\",\"rz_search_input_fields\":[{\"__template\":\"listing_types\",\"name\":\"Select Listing Type\"},{\"__template\":\"recent_searches\",\"name\":\"Your Recent Searches\"}]}","rz_search_input_autocomplete":"1","rz_search_input":"[{\"__template\":\"listing_types\",\"name\":\"Listing Types\",\"display\":\"select\"},{\"__template\":\"taxonomy\",\"name\":\"Select Amenities\",\"key\":\"amenities\",\"display\":\"multiselect\",\"visibility\":[\"homes\"]}]","rz_page_explore":"10","rz_posts_per_page":"8","rz_posts_per_page_multiple":"4","rz_page_submission":"67","rz_test_2":"","rz_google_api_keytest":"","rz_enable_modules":"1","rz_modules":"[{\"template\":{\"id\":\"listing_type\",\"name\":\"Listing Type\",\"heading\":\"name\",\"heading_text\":\"Listing Type\"},\"fields\":{\"name\":\"Listing Type\",\"type\":\"select\"}},{\"template\":{\"id\":\"listing_filters\",\"name\":\"Listing Filters\",\"heading\":\"name\",\"heading_text\":\"Listing Filters\"},\"fields\":{\"name\":\"Listing Filters\"}},{\"template\":{\"id\":\"recent_searches\",\"name\":\"Recent Searches\",\"heading\":\"name\",\"heading_text\":\"Recent Searches\"},\"fields\":{\"name\":\"Recent Searches\"}}]","rz_enable_quick_search_modules":"1","rz_quick_search_modules":"[{\"template\":{\"id\":\"listing_type\",\"name\":\"Listing Type\",\"heading\":\"name\",\"heading_text\":\"Listing Type\"},\"fields\":{\"name\":\"Listing Type\",\"type\":\"select\"}},{\"template\":{\"id\":\"listing_filters\",\"name\":\"Listing Filters\",\"heading\":\"name\",\"heading_text\":\"Listing Filters\"},\"fields\":{\"name\":\"Listing Filters\"}},{\"template\":{\"id\":\"recent_searches\",\"name\":\"Recent Searches\",\"heading\":\"name\",\"heading_text\":\"Recent Searches\"},\"fields\":{\"name\":\"Recent Searches\"}}]","rz_enable_autocomplete":"1","rz_quick_search_autocomplete":"[{\"template\":{\"id\":\"field\",\"name\":\"Field\",\"heading\":\"Search by Field\"},\"fields\":{\"key\":\"post_title\"}},{\"template\":{\"id\":\"taxonomy\",\"name\":\"Taxonomy\",\"heading\":\"Search by Taxonomy\"},\"fields\":{\"taxonomy\":\"rz_listing_region\"}}]","rz_autocomplete_limit":"8","rz_enable_quick_search_found":"","rz_search_criterias":"[{\"template\":{\"id\":\"taxonomy\",\"name\":\"Taxonomy\",\"heading\":\"name\",\"heading_text\":\"Region\"},\"fields\":{\"taxonomy\":\"rz_listing_region\",\"name\":\"Region\",\"icon__set\":\"font-awesome\",\"icon\":\"fas fa-map-marker-alt\"}},{\"template\":{\"id\":\"taxonomy\",\"name\":\"Taxonomy\",\"heading\":\"name\",\"heading_text\":\"Category\"},\"fields\":{\"taxonomy\":\"rz_listing_category\",\"name\":\"Category\",\"icon__set\":\"font-awesome\",\"icon\":\"fas fa-building\"}},{\"template\":{\"id\":\"field\",\"name\":\"Field\",\"heading\":\"name\",\"heading_text\":\"Listings\"},\"fields\":{\"key\":\"post_title\",\"name\":\"Listings\"}}]","rz_enable_search_modules":"1","rz_search_modules":"[{\"template\":{\"id\":\"listing_type\",\"name\":\"Listing Type\",\"heading\":\"name\",\"heading_text\":\"Listing Types\"},\"fields\":{\"name\":\"Listing Types\",\"type\":\"select\"}},{\"template\":{\"id\":\"recent_searches\",\"name\":\"Recent Searches\",\"heading\":\"name\",\"heading_text\":\"Recent Searches\"},\"fields\":{\"name\":\"Recent Searches\"}}]","rz_enable_search_found":"1","rz_has_archive":"1","rz_archive_slug":"","rz_google_map_style":"custom","rz_google_map_style_custom":"[\r\n    {\r\n        \"featureType\": \"all\",\r\n        \"elementType\": \"geometry.fill\",\r\n        \"stylers\": [\r\n            {\r\n                \"visibility\": \"on\"\r\n            }\r\n        ]\r\n    },\r\n    {\r\n        \"featureType\": \"all\",\r\n        \"elementType\": \"geometry.stroke\",\r\n        \"stylers\": [\r\n            {\r\n                \"visibility\": \"on\"\r\n            }\r\n        ]\r\n    },\r\n    {\r\n        \"featureType\": \"all\",\r\n        \"elementType\": \"labels.text.fill\",\r\n        \"stylers\": [\r\n            {\r\n                \"visibility\": \"simplified\"\r\n            }\r\n        ]\r\n    },\r\n    {\r\n        \"featureType\": \"all\",\r\n        \"elementType\": \"labels.text.stroke\",\r\n        \"stylers\": [\r\n            {\r\n                \"visibility\": \"off\"\r\n            }\r\n        ]\r\n    },\r\n    {\r\n        \"featureType\": \"all\",\r\n        \"elementType\": \"labels.icon\",\r\n        \"stylers\": [\r\n            {\r\n                \"visibility\": \"simplified\"\r\n            }\r\n        ]\r\n    },\r\n    {\r\n        \"featureType\": \"poi.attraction\",\r\n        \"elementType\": \"geometry.fill\",\r\n        \"stylers\": [\r\n            {\r\n                \"visibility\": \"off\"\r\n            }\r\n        ]\r\n    },\r\n    {\r\n        \"featureType\": \"poi.attraction\",\r\n        \"elementType\": \"labels.text.fill\",\r\n        \"stylers\": [\r\n            {\r\n                \"visibility\": \"off\"\r\n            }\r\n        ]\r\n    },\r\n    {\r\n        \"featureType\": \"poi.attraction\",\r\n        \"elementType\": \"labels.icon\",\r\n        \"stylers\": [\r\n            {\r\n                \"visibility\": \"off\"\r\n            }\r\n        ]\r\n    },\r\n    {\r\n        \"featureType\": \"poi.business\",\r\n        \"elementType\": \"geometry.fill\",\r\n        \"stylers\": [\r\n            {\r\n                \"visibility\": \"off\"\r\n            }\r\n        ]\r\n    },\r\n    {\r\n        \"featureType\": \"poi.business\",\r\n        \"elementType\": \"labels.text.fill\",\r\n        \"stylers\": [\r\n            {\r\n                \"visibility\": \"off\"\r\n            }\r\n        ]\r\n    },\r\n    {\r\n        \"featureType\": \"poi.business\",\r\n        \"elementType\": \"labels.icon\",\r\n        \"stylers\": [\r\n            {\r\n                \"visibility\": \"off\"\r\n            }\r\n        ]\r\n    },\r\n    {\r\n        \"featureType\": \"poi.government\",\r\n        \"elementType\": \"geometry.fill\",\r\n        \"stylers\": [\r\n            {\r\n                \"visibility\": \"off\"\r\n            }\r\n        ]\r\n    },\r\n    {\r\n        \"featureType\": \"poi.government\",\r\n        \"elementType\": \"labels.text.fill\",\r\n        \"stylers\": [\r\n            {\r\n                \"visibility\": \"off\"\r\n            }\r\n        ]\r\n    },\r\n    {\r\n        \"featureType\": \"poi.government\",\r\n        \"elementType\": \"labels.icon\",\r\n        \"stylers\": [\r\n            {\r\n                \"visibility\": \"off\"\r\n            }\r\n        ]\r\n    },\r\n    {\r\n        \"featureType\": \"poi.medical\",\r\n        \"elementType\": \"geometry.fill\",\r\n        \"stylers\": [\r\n            {\r\n                \"visibility\": \"off\"\r\n            }\r\n        ]\r\n    },\r\n    {\r\n        \"featureType\": \"poi.medical\",\r\n        \"elementType\": \"labels.text.fill\",\r\n        \"stylers\": [\r\n            {\r\n                \"visibility\": \"off\"\r\n            }\r\n        ]\r\n    },\r\n    {\r\n        \"featureType\": \"poi.medical\",\r\n        \"elementType\": \"labels.icon\",\r\n        \"stylers\": [\r\n            {\r\n                \"visibility\": \"off\"\r\n            }\r\n        ]\r\n    },\r\n    {\r\n        \"featureType\": \"poi.place_of_worship\",\r\n        \"elementType\": \"geometry.fill\",\r\n        \"stylers\": [\r\n            {\r\n                \"visibility\": \"off\"\r\n            }\r\n        ]\r\n    },\r\n    {\r\n        \"featureType\": \"poi.place_of_worship\",\r\n        \"elementType\": \"labels.text.fill\",\r\n        \"stylers\": [\r\n            {\r\n                \"visibility\": \"off\"\r\n            }\r\n        ]\r\n    },\r\n    {\r\n        \"featureType\": \"poi.place_of_worship\",\r\n        \"elementType\": \"labels.icon\",\r\n        \"stylers\": [\r\n            {\r\n                \"visibility\": \"off\"\r\n            }\r\n        ]\r\n    },\r\n    {\r\n        \"featureType\": \"poi.school\",\r\n        \"elementType\": \"labels.icon\",\r\n        \"stylers\": [\r\n            {\r\n                \"visibility\": \"off\"\r\n            }\r\n        ]\r\n    },\r\n    {\r\n        \"featureType\": \"poi.sports_complex\",\r\n        \"elementType\": \"labels.icon\",\r\n        \"stylers\": [\r\n            {\r\n                \"visibility\": \"off\"\r\n            }\r\n        ]\r\n    },\r\n    {\r\n        \"featureType\": \"road.highway.controlled_access\",\r\n        \"elementType\": \"geometry.fill\",\r\n        \"stylers\": [\r\n            {\r\n                \"visibility\": \"on\"\r\n            }\r\n        ]\r\n    },\r\n    {\r\n        \"featureType\": \"road.highway.controlled_access\",\r\n        \"elementType\": \"labels.text.fill\",\r\n        \"stylers\": [\r\n            {\r\n                \"visibility\": \"on\"\r\n            }\r\n        ]\r\n    },\r\n    {\r\n        \"featureType\": \"road.arterial\",\r\n        \"elementType\": \"geometry.fill\",\r\n        \"stylers\": [\r\n            {\r\n                \"visibility\": \"on\"\r\n            }\r\n        ]\r\n    },\r\n    {\r\n        \"featureType\": \"road.arterial\",\r\n        \"elementType\": \"labels.text.fill\",\r\n        \"stylers\": [\r\n            {\r\n                \"visibility\": \"on\"\r\n            }\r\n        ]\r\n    },\r\n    {\r\n        \"featureType\": \"road.arterial\",\r\n        \"elementType\": \"labels.icon\",\r\n        \"stylers\": [\r\n            {\r\n                \"visibility\": \"on\"\r\n            }\r\n        ]\r\n    },\r\n    {\r\n        \"featureType\": \"road.local\",\r\n        \"elementType\": \"geometry.fill\",\r\n        \"stylers\": [\r\n            {\r\n                \"visibility\": \"on\"\r\n            }\r\n        ]\r\n    },\r\n    {\r\n        \"featureType\": \"road.local\",\r\n        \"elementType\": \"labels.text.fill\",\r\n        \"stylers\": [\r\n            {\r\n                \"visibility\": \"on\"\r\n            }\r\n        ]\r\n    }\r\n]","rz_test_text":"fghfh1","rz_icon__set":"font-awesome","rz_":"","rz_icon":"fas fa-building","rz_key":"","rz_name":"","rz_type":"select","rz_slug":"","rz_explore_modules":"[{\"template\":{\"id\":\"listings\",\"name\":\"Listings\",\"heading\":\"name\",\"heading_text\":\"Latest homes\"},\"fields\":{\"name\":\"Latest homes\",\"description\":\"Some description ..\",\"posts_per_page\":\"3\",\"listing_type\":\"380\",\"sorting\":\"latest\",\"terms\":\"\"}},{\"template\":{\"id\":\"listings\",\"name\":\"Listings\",\"heading\":\"name\",\"heading_text\":\"Latest restaurants\"},\"fields\":{\"name\":\"Latest restaurants\",\"description\":\"\",\"posts_per_page\":\"3\",\"listing_type\":\"160\",\"sorting\":\"latest\",\"terms\":\"\"}},{\"template\":{\"id\":\"listings\",\"name\":\"Listings\",\"heading\":\"name\",\"heading_text\":\"Most rated homes\"},\"fields\":{\"name\":\"Most rated homes\",\"description\":\"\",\"posts_per_page\":\"3\",\"listing_type\":\"380\",\"sorting\":\"top_rated\",\"terms\":\"\"}}]","rz_main_listing_type":"380","rz_global_filters":"[{\"template\":{\"id\":\"text\",\"name\":\"Text\",\"heading\":\"name\",\"heading_text\":\"Title\"},\"fields\":{\"name\":\"Title\",\"description\":\"\",\"id\":\"post_title\",\"placeholder\":\"\"}},{\"template\":{\"id\":\"text\",\"name\":\"Text\",\"heading\":\"name\",\"heading_text\":\"Tagline\"},\"fields\":{\"name\":\"Tagline\",\"description\":\"\",\"id\":\"rz_tagline\",\"placeholder\":\"\"}},{\"template\":{\"id\":\"text\",\"name\":\"Text\",\"heading\":\"name\",\"heading_text\":\"Test\"},\"fields\":{\"name\":\"Test\",\"description\":\"\",\"id\":\"test\",\"placeholder\":\"\"}},{\"template\":{\"id\":\"taxonomy\",\"name\":\"Taxonomy\",\"heading\":\"name\",\"heading_text\":\"Region\"},\"fields\":{\"name\":\"Region\",\"description\":\"Some description\",\"id\":\"rz_listing_region\",\"display\":\"checklist\"}},{\"template\":{\"id\":\"submit\",\"name\":\"Submit Button\",\"heading\":\"name\",\"heading_text\":\"Search\"},\"fields\":{\"name\":\"Search\",\"id\":\"search\"}},{\"template\":{\"id\":\"checkbox\",\"name\":\"Checkbox\",\"heading\":\"name\",\"heading_text\":\"Is Free\"},\"fields\":{\"name\":\"Is Free\",\"description\":\"\",\"id\":\"is-free\"}},{\"template\":{\"id\":\"range\",\"name\":\"Range\",\"heading\":\"name\",\"heading_text\":\"Price Range\"},\"fields\":{\"name\":\"Price Range\",\"description\":\"\",\"id\":\"rz_price\",\"placeholder_from\":\"From\",\"placeholder_to\":\"To\",\"min\":\"\",\"max\":\"\",\"step\":\"\",\"suffix\":\"$\"}}]","rz_advanced_search_filters":"a:1:{i:0;s:17:\"rz_listing_region\";}","rz_advanced_filters":"[{\"template\":{\"id\":\"text\",\"name\":\"Text\",\"heading\":\"name\",\"heading_text\":\"Content\"},\"fields\":{\"name\":\"Content\",\"description\":\"\",\"id\":\"post_content\",\"placeholder\":\"\"}},{\"template\":{\"id\":\"tab\",\"name\":\"Tab\",\"heading\":\"name\",\"heading_text\":\"Pricing\"},\"fields\":{\"name\":\"Pricing\",\"id\":\"stack-pricing\"}},{\"template\":{\"id\":\"number\",\"name\":\"Number\",\"heading\":\"name\",\"heading_text\":\"Price\"},\"fields\":{\"name\":\"Price\",\"description\":\"\",\"id\":\"rz_price\",\"input_type\":\"number\",\"min\":\"0\",\"max\":\"\",\"step\":\"\",\"comparison\":\"equal\"}},{\"template\":{\"id\":\"checkbox\",\"name\":\"Checkbox\",\"heading\":\"name\",\"heading_text\":\"Is this for free?\"},\"fields\":{\"name\":\"Is this for free?\",\"description\":\"\",\"id\":\"is-free\"}},{\"template\":{\"id\":\"tab_break\",\"name\":\"Tab Break\",\"heading\":\"name\"},\"fields\":{}},{\"template\":{\"id\":\"taxonomy\",\"name\":\"Taxonomy\",\"heading\":\"name\",\"heading_text\":\"Region\"},\"fields\":{\"name\":\"Region\",\"description\":\"\",\"id\":\"rz_listing_region\",\"display\":\"select2\"}}]","rz_simple_filters":"[{\"template\":{\"id\":\"text\",\"name\":\"Text\",\"heading\":\"name\",\"heading_text\":\"Title\"},\"fields\":{\"name\":\"Title\",\"description\":\"Search inside the title\",\"id\":\"post_title\",\"placeholder\":\"\"}}]","rz_measure_system":"metric","rz_enable_autocomplete_toggle":"","rz_is_pending_booking_expiration":"1","rz_pending_booking_expiration_days":"3","rz_currency_place":"left","rz_currency_symbol":"$","rz_enable_withdrawals":"1","rz_withdrawal_methods":"a:2:{i:0;s:6:\"paypal\";i:1;s:13:\"bank_transfer\";}","rz_enable_payouts":"1","rz_payout_methods":"a:2:{i:0;s:6:\"paypal\";i:1;s:13:\"bank_transfer\";}","rz_listing_category_children":"a:0:{}","rz_property-type_children":"a:0:{}","rz_amenities_children":"a:0:{}","rz_facebook_api_key":"","rz_test1":"","rz_test2":"","rz_enable_cta":"1","rz_cta_label":"Host your place","rz_cta_target":"67","rz_footer_summary":"Etiam ultricies magna orci, id blandit est sodales vitae. Donec auctor niba blandit.","rz_footer_social_fb":"#","rz_footer_social_tw":"#","rz_footer_social_yt":"#","rz_footer_social_dr":"#","rz_footer_social_in":"#","rz_footer_copy":"Copyright \u00a9 2020 Brikk. Handcrafted by <a href=\"https:\/\/themeforest.net\/author_dashboard\" target=\"_blank\">Utillz<\/a>.","rz_listing_region_children":"a:0:{}","rz_footer_account":"Proudly powered by WordPress.","rz_enable_dropdown_favorites":"1","rz_logo":"","rz_logo_overlap":"","rz_font_heading":"Poppins:wght@700;800","rz_font_body":"","rz_primary_color_type":"solid","rz_primary_color_type_solid":"","rz_primary_color_type_gradient_from":"","rz_primary_color_type_gradient_to":"","rz_secondary_color_type":"solid","rz_secondary_color_type_solid":"","rz_secondary_color_type_gradient_from":"","rz_secondary_color_type_gradient_to":"","rz_enable_share":"1","rz_is_demo_imported":"1","rz_enable_footer_social":"","rz_house-rules_children":"a:0:{}","rz_food-type_children":"a:0:{}","rz_great-for_children":"a:0:{}","rz_experience-tags_children":"a:0:{}","rz_group-size_children":"a:0:{}","rz_enable_social_icons":"1","rz_social_fb":"#","rz_social_tw":"#","rz_social_yt":"#","rz_social_dr":"#","rz_social_in":"#","rz_main_color":"","rz_main_color_shade":"#222","rz_minor_color":"","rz_minor_color_shade":"#444","rz_cursor_shade":"#666","rz_main_shade_color":"","rz_minor_shade_color":"","rz_cursor_shade_color":"","rz_mobile_bar_nav":"[{\"template\":{\"id\":\"defined\",\"name\":\"Pre-Defined\",\"heading\":\"name\",\"heading_text\":\"Explore\"},\"fields\":{\"name\":\"Explore\",\"id\":\"explore\",\"icon__set\":\"font-awesome\",\"icon\":\"material-icon-search\",\"highlight\":\"\",\"hide_out\":\"\",\"hide_in\":\"\"}},{\"template\":{\"id\":\"defined\",\"name\":\"Pre-Defined\",\"heading\":\"name\",\"heading_text\":\"Favorites\"},\"fields\":{\"name\":\"Favorites\",\"id\":\"favorites\",\"icon__set\":\"font-awesome\",\"icon\":\"material-icon-favorite_outline\",\"highlight\":\"\",\"hide_out\":\"\",\"hide_in\":\"\"}},{\"template\":{\"id\":\"defined\",\"name\":\"Pre-Defined\",\"heading\":\"name\",\"heading_text\":\"Submission\"},\"fields\":{\"name\":\"Submission\",\"id\":\"submission\",\"icon__set\":\"font-awesome\",\"icon\":\"material-icon-add\",\"highlight\":\"1\",\"hide_out\":\"1\",\"hide_in\":\"\"}},{\"template\":{\"id\":\"defined\",\"name\":\"Pre-Defined\",\"heading\":\"name\",\"heading_text\":\"Sign-In\"},\"fields\":{\"name\":\"Sign-In\",\"id\":\"signup\",\"icon__set\":\"font-awesome\",\"icon\":\"material-icon-person\",\"highlight\":\"1\",\"hide_out\":\"\",\"hide_in\":\"1\"}},{\"template\":{\"id\":\"defined\",\"name\":\"Pre-Defined\",\"heading\":\"name\",\"heading_text\":\"Messages\"},\"fields\":{\"name\":\"Messages\",\"id\":\"messages\",\"icon__set\":\"font-awesome\",\"icon\":\"material-icon-chat_bubble_outline\",\"highlight\":\"\",\"hide_out\":\"\",\"hide_in\":\"\"}}]","rz_marker_color":"","rz_marker_shade_color":"","rz_marker_text_color":"","rz_marker_active_color":"","rz_marker_active_shade_color":"","rz_marker_active_text_color":"","rz_enable_header_dark":"1","rz_enable_home_dark":"1","rz_enable_explore_dark":"1","rz_enable_listing_dark":"1","rz_site_name":"Brikk","rz_enable_dark_header":"","rz_hide_notification_icon": "","rz_hide_user_icon": "","rz_listing_slug":"","rz_weekends":"sat_sun","rz_decimals":"2","rz_decimal_separator":".","rz_thousands_separator":",","rz_enable_submission_listing_counter":"","rz_days_booking_pending_payment":"24","rz_global_explore_type":"map","rz_global_map_lat":"","rz_global_map_lng":"","rz_global_search_form":"","rz_global_listings_per_page":"10","rz_enable_standard_pass":"1","rz_enable_standard_role":"1","rz_enable_dark_listing":"","rz_header_style":"default","rz_logo_type":"upload","rz_logo_white":"","rz_logo_path":"","rz_logo_path_white":"","rz_footer_columns":"3","rz_is_notification_site_claim-approved":"1","rz_is_notification_email_claim-approved":"","rz_notification_email_template_claim-approved":"Hello,\r\n\r\nA business claim has been approved.","rz_is_notification_email_admin_claim-approved":"","rz_notification_email_template_admin_claim-approved":"Hello,\r\n\r\nA business claim has been approved.","rz_is_notification_webhook_claim-approved":"","rz_notification_webhook_url_claim-approved":"","rz_is_notification_site_entry-approved":"1","rz_is_notification_email_entry-approved":"","rz_notification_email_template_entry-approved":"Hello,\r\n\r\nYour request has been approved.","rz_is_notification_email_admin_entry-approved":"","rz_notification_email_template_admin_entry-approved":"Hello,\r\n\r\nYour request has been approved.","rz_is_notification_webhook_entry-approved":"","rz_notification_webhook_url_entry-approved":"","rz_is_notification_site_entry-declined":"1","rz_is_notification_email_entry-declined":"","rz_notification_email_template_entry-declined":"Hello,\r\n\r\nA request has been declined","rz_is_notification_email_admin_entry-declined":"","rz_notification_email_template_admin_entry-declined":"Hello,\r\n\r\nA request has been declined","rz_is_notification_webhook_entry-declined":"","rz_notification_webhook_url_entry-declined":"","rz_is_notification_site_listing-expired":"1","rz_is_notification_email_listing-expired":"","rz_notification_email_template_listing-expired":"Hello,\r\n\r\nA listing has expired","rz_is_notification_email_admin_listing-expired":"","rz_notification_email_template_admin_listing-expired":"Hello,\r\n\r\nA listing has expired","rz_is_notification_webhook_listing-expired":"","rz_notification_webhook_url_listing-expired":"","rz_is_notification_site_message-received":"1","rz_is_notification_email_message-received":"","rz_notification_email_template_message-received":"Hello,\r\n\r\nA new message was sent","rz_is_notification_email_admin_message-received":"","rz_notification_email_template_admin_message-received":"Hello,\r\n\r\nA new message was sent","rz_is_notification_webhook_message-received":"","rz_notification_webhook_url_message-received":"","rz_is_notification_site_new-application":"1","rz_is_notification_email_new-application":"","rz_notification_email_template_new-application":"Hello,\r\n\r\nNew application has been sent","rz_is_notification_email_admin_new-application":"","rz_notification_email_template_admin_new-application":"Hello,\r\n\r\nNew application has been sent","rz_is_notification_webhook_new-application":"","rz_notification_webhook_url_new-application":"","rz_is_notification_site_new-booking-request":"1","rz_is_notification_email_new-booking-request":"","rz_notification_email_template_new-booking-request":"Hello,\r\n\r\nA new reservation request have been sent.","rz_is_notification_email_admin_new-booking-request":"","rz_notification_email_template_admin_new-booking-request":"Hello,\r\n\r\nA new reservation request have been sent.","rz_is_notification_webhook_new-booking-request":"","rz_notification_webhook_url_new-booking-request":"","rz_is_notification_site_new-booking":"1","rz_is_notification_email_new-booking":"","rz_notification_email_template_new-booking":"Hello,\r\n\r\nA new reservation have been sent","rz_is_notification_email_admin_new-booking":"","rz_notification_email_template_admin_new-booking":"Hello,\r\n\r\nA new reservation have been sent","rz_is_notification_webhook_new-booking":"","rz_notification_webhook_url_new-booking":"","rz_is_notification_site_promotion-expired":"1","rz_is_notification_email_promotion-expired":"","rz_notification_email_template_promotion-expired":"Hello,\r\n\r\nPromotion has expired.","rz_is_notification_email_admin_promotion-expired":"","rz_notification_email_template_admin_promotion-expired":"Hello,\r\n\r\nPromotion has expired.","rz_is_notification_webhook_promotion-expired":"","rz_notification_webhook_url_promotion-expired":"","rz_is_notification_site_welcome":"1","rz_is_notification_email_welcome":"","rz_notification_email_template_welcome":"Hello,\r\n\r\nNew user has joined the family!","rz_is_notification_email_admin_welcome":"","rz_notification_email_template_admin_welcome":"Hello,\r\n\r\nNew user has joined the family!","rz_is_notification_webhook_welcome":"","rz_notification_webhook_url_welcome":"","rz_global_explore_style":"1_3","rz_default_user_role":"customer"}
